<?xml version="1.0" encoding="utf-8"?>
	<!-- $Id -->
<extension type="package" version="1.6">
	<name>EventList Hebrew</name>
	<packagename>he-IL</packagename>
	<creationDate>2011-10-18</creationDate>
	<version>1.0.2 Stable</version>
	<author>Shlomi Zadok</author>
	<authorEmail>info@israel-hosting.net</authorEmail>
	<authorUrl>www.israel-hosting.net</authorUrl>
	<copyright>(C) 2008 Christoph Lukes, (C) 2011 Shlomi Zadok</copyright>
	<license>http://www.gnu.org/licenses/gpl-2.0.html GNU/GPL</license>
	<description>Hebrew language pack for EventList</description>
	<files>
		<file type="language" client="site" id="he-IL">site_he-IL.zip</file>
		<file type="language" client="admin" id="he-IL">admin_he-IL.zip</file>
	</files>
</extension>
