<?xml version="1.0" encoding="utf-8"?>
<!-- $Id$ -->
<extension type="package" version="1.6">
	<name>EventList Spanish</name>
	<packagename>es-ES</packagename>
	<creationDate>2011-10-18</creationDate>
	<version>1.0.2 Stable</version>
	<author>Jon Haley</author>
	<authorEmail>jhaley@escuelafieide.net</authorEmail>
	<authorUrl>www.example.com</authorUrl>
	<copyright>(C) 2008 Christoph Lukes, (C) 2011 Jon Haley</copyright>
	<license>http://www.gnu.org/licenses/gpl-2.0.html GNU/GPL</license>
	<description>Spanish language pack for EventList</description>
	<files>
		<file type="language" client="site" id="es-ES">site_es-ES.zip</file>
		<file type="language" client="admin" id="es-ES">admin_es-ES.zip</file>
	</files>
</extension>
