<?xml version="1.0" encoding="utf-8"?>
<!-- $Id$ -->
<extension type="package" version="1.6">
	<name>EventList Czech</name>
	<packagename>cs-CZ</packagename>
	<creationDate>2011-10-18</creationDate>
	<version>1.0.2 Stable</version>
	<author>Jindra Hejlik</author>
	<authorEmail>hejlik@hejlik.com</authorEmail>
	<authorUrl>www.hejlik.com</authorUrl>
	<copyright>(C) 2008 Christoph Lukes, (C) 2011 Jindra Hejlik</copyright>
	<license>http://www.gnu.org/licenses/gpl-2.0.html GNU/GPL</license>
	<description>Czech language pack for EventList</description>
	<files>
		<file type="language" client="site" id="cs-CZ">site_cs-CZ.zip</file>
		<file type="language" client="admin" id="cs-CZ">admin_cs-CZ.zip</file>
	</files>
</extension>
