<?xml version="1.0" encoding="utf-8"?>
<!-- $Id$ -->
<extension type="package" version="1.6">
	<name>EventList Portuguese-Portugal</name>
	<packagename>pt-PT</packagename>
	<creationDate>2011-10-18</creationDate>
	<version>1.0.2 Stable</version>
	<author>Nuno Marques</author>
	<authorEmail>nualexan@gmail.com</authorEmail>
	<authorUrl>www.nunona.net</authorUrl>
	<copyright>(C) 2008 Christoph Lukes, (C) 2011 Nuno Marques</copyright>
	<license>http://www.gnu.org/licenses/gpl-2.0.html GNU/GPL</license>
	<description>Portuguese portugueses language pack for EventList - site application</description>
	<files>
		<file type="language" client="site" id="pt-PT">site_pt-PT.zip</file>
		<file type="language" client="admin" id="pt-PT">admin_pt-PT.zip</file>
	</files>
</extension>
