<?xml version="1.0" encoding="utf-8"?>
	<!-- $Id  -->
<extension type="package" version="1.6">
	<name>EventList Catalan</name>
	<packagename>ca-ES</packagename>
	<creationDate>2011-10-18</creationDate>
	<version>1.0.2 Stable</version>
	<author>Damià Verger, Pascal Eilrich, Edmond Duggan</author>
	<authorEmail>info@joomla.cat</authorEmail>
	<authorUrl>www.joomla.cat</authorUrl>
	<copyright>(C) 2008 Christoph Lukes, (C) 2009  Catalan Joomla Translation Team.</copyright>
	<license>http://www.gnu.org/licenses/gpl-2.0.html GNU/GPL</license>
	<description>Catalan language pack for EventList</description>
	<files>
		<file type="language" client="site" id="ca-ES">site_ca-ES.zip</file>
		<file type="language" client="admin" id="ca-ES">admin_ca-ES.zip</file>
	</files>
</extension>
