<?xml version="1.0" encoding="utf-8"?>
<!-- $Id$ -->
<extension type="package" version="1.6">
	<name>EventList Serbien (Cyrillic)</name>
	<packagename>sr-RS</packagename>
	<creationDate>2011-10-18</creationDate>
	<version>1.0.2 Stable</version>
	<author>simovina</author>
	<authorEmail></authorEmail>
	<authorUrl></authorUrl>
	<copyright>(C) 2008 Christoph Lukes, (C) 2011 simovina</copyright>
	<license>http://www.gnu.org/licenses/gpl-2.0.html GNU/GPL</license>
	<description>Cyrillic Serbian language pack for EventList</description>
	<files>
		<file type="language" client="site" id="sr-RS">site_sr-RS.zip</file>
		<file type="language" client="admin" id="sr-RS">admin_sr-RS.zip</file>
	</files>
</extension>
