<?xml version="1.0" encoding="utf-8"?>
<!-- $Id$ -->
<extension type="package" version="1.6">
	<name>EventList French</name>
	<packagename>fr-FR</packagename>
	<creationDate>2011-10-18</creationDate>
	<version>1.0.2 Stable</version>
	<author>Stephan Neubauer</author>
	<authorEmail>grandcru1975@gmail.com</authorEmail>
	<authorUrl>www.example.net</authorUrl>
	<copyright>(C) 2008 Christoph Lukes, (C) 2011 Stephan Neubauer</copyright>
	<license>http://www.gnu.org/licenses/gpl-2.0.html GNU/GPL</license>
	<description>French language Pack</description>
	<files>
		<file type="language" client="site" id="fr-FR">site_fr-FR.zip</file>
		<file type="language" client="admin" id="fr-FR">admin_fr-FR.zip</file>
	</files>
</extension>
