<?xml version="1.0" encoding="utf-8"?>
<!-- $Id$ -->
<extension type="package" version="1.6">
	<name>EventList Finnish</name>
	<packagename>fi-FI</packagename>
	<creationDate>2011-10-18</creationDate>
	<version>1.0.2 Stable</version>
	<author>Sami Haaranen</author>
	<authorEmail>mortti@joomlaportal.fi</authorEmail>
	<authorUrl>www.joomlaportal.fi</authorUrl>
	<copyright>(C) 2008 Christoph Lukes, (C) 2011 Sami Haaranen</copyright>
	<license>http://www.gnu.org/licenses/gpl-2.0.html GNU/GPL</license>
	<description>Suomenkielinen käännös EventList lisäosaan</description>
	<files>
		<file type="language" client="site" id="fi-FI">site_fi-FI.zip</file>
		<file type="language" client="admin" id="fi-FI">admin_fi-FI.zip</file>
	</files>
</extension>
