<?xml version="1.0" encoding="utf-8"?>
	<!-- $Id -->
<extension type="package" version="1.6">
	<name>EventList Japanese</name>
	<packagename>Ja-JP</packagename>
	<creationDate>2011-08-19</creationDate>
	<version>1.0.2 Stable</version>
	<author>Toemon</author>
	<authorEmail>info@toemon.com</authorEmail>
	<authorUrl></authorUrl>
	<copyright>(C)  2011 Toemon</copyright>
	<license>http://www.gnu.org/licenses/gpl-2.0.html GNU/GPL</license>
	<description>Japanese language pack for EventList</description>
	<files>
		<file type="language" client="site" id="ja-JP">site_ja-JP.zip</file>
		<file type="language" client="admin" id="ja-JP">admin_ja-JP.zip</file>
	</files>
</extension>
