<?xml version="1.0" encoding="utf-8"?>
<!-- $Id$ -->
<extension type="package" version="1.6">
	<name>EventList Portuguese-Brasil</name>
	<packagename>pt-BR</packagename>
	<creationDate>2011-10-18</creationDate>
	<version>1.0.2 Stable</version>
	<author>Tacio Philip</author>
	<authorEmail>use@meu.site.com</authorEmail>
	<authorUrl>www.tacio.com.br</authorUrl>
	<copyright>(C) 2008 Christoph Lukes, (C) 2011 Tacio Philip</copyright>
	<license>http://www.gnu.org/licenses/gpl-2.0.html GNU/GPL</license>
	<description>Brazilian portugueses language pack for EventList - site application</description>
	<files>
		<file type="language" client="site" id="pt-BR">site_pt-BR.zip</file>
		<file type="language" client="admin" id="pt-BR">admin_pt-BR.zip</file>
	</files>
</extension>
