<?xml version="1.0" encoding="utf-8"?>
	<!-- $Id -->
<extension type="package" version="1.6">
	<name>EventList Catalan</name>
	<packagename>ca-AD</packagename>
	<creationDate>2011-10-18</creationDate>
	<version>1.0.2 Stable</version>
	<author>Marc Antonijoan, Pascal Eilrich, Edmond Duggan</author>
	<authorEmail>marc.at@gmail.com</authorEmail>
	<authorUrl>www.schlu.net</authorUrl>
	<copyright>(C) 2005 - 2008 Christoph Lukes, (C) 2011 Marc Antonijoan</copyright>
	<license>http://www.gnu.org/licenses/gpl-2.0.html GNU/GPL</license>
	<description>Catalan language pack for EventList</description>
	<files>
		<file type="language" client="site" id="ca-AD">site_ca-AD.zip</file>
		<file type="language" client="admin" id="ca-AD">admin_ca-AD.zip</file>
	</files>
</extension>
