<?xml version="1.0" encoding="utf-8"?>
	<!-- $Id$ -->
<extension type="package" version="1.6">
	<name>EventList Nederlands</name>
	<packagename>nl-NL</packagename>
	<creationDate>2011-10-18</creationDate>
	<version>1.0.2 Stable</version>
	<author>Marijke Stuivenberg</author>
	<authorEmail>taal@dutchjoomla.org</authorEmail>
	<authorUrl>www.dutchjoomla.org</authorUrl>
	<copyright>(C) 2005 - 2008 Christoph Lukes, (C) 2011 Marijke Stuivenberg </copyright>
	<license>http://www.gnu.org/licenses/gpl-2.0.html GNU/GPL</license>
	<description>Dutch language pack for EventList</description>
	<files>
		<file type="language" client="site" id="nl-NL">site_nl-NL.zip</file>
		<file type="language" client="admin" id="nl-NL">admin_nl-NL.zip</file>
	</files>
</extension>
