<?xml version="1.0" encoding="utf-8"?>
<!-- $Id$ -->
<extension type="package" version="1.6">
	<name>EventList Russian</name>
	<packagename>ru-RU</packagename>
	<creationDate>2011-10-18</creationDate>
	<version>1.0.2 Stable</version>
	<author>SFox, Gray</author>
	<authorEmail>info@sfox.org.ua, justphp@gmail.com</authorEmail>
	<authorUrl>www.sfox.org.ua, www.justphp.net</authorUrl>
	<copyright>(C) 2008 Christoph Lukes, (C) 2011 SFox, Gray</copyright>
	<license>http://www.gnu.org/licenses/gpl-2.0.html GNU/GPL</license>
	<description>Russian language pack for EventList</description>
	<files>
		<file type="language" client="site" id="ru-RU">site_ru-RU.zip</file>
		<file type="language" client="admin" id="ru-RU">admin_ru-RU.zip</file>
	</files>
</extension>
