﻿<?xml version="1.0" encoding="utf-8"?>
<extension type="component" version="1.6.0" method="upgrade">
	<name>EventList</name>
	<creationDate>2011-10-18</creationDate>
	<author>Christoph Lukes, Pascal Eilrich, Edmond Duggan</author>
	<copyright>This component is released under the GNU/GPL License</copyright>
	<authorEmail>info@schlu.net</authorEmail>
	<authorUrl>http://www.schlu.net</authorUrl>
	<version>1.0.2 Stable</version>
	<description>EventList is just that what the name would lead you to expect. It's not a calendar but an easy way to manage and present your Events for your group, company or community. EventList offers a lot features and possibilities which makes your work easier, like the Venue database, Picture resizing and much more. But also for your site visitors EventList has some additional features to offer, like a simple registration system, map service links, or the submission/edit of events and venues from the frontend.</description>

	<files>
		<filename>index.html</filename>
		<filename>eventlist.php</filename>
		<filename>controller.php</filename>
		<filename>router.php</filename>
		<filename>LICENSE.php</filename>
		<filename>jomsocial_rule.xml</filename>
		<folder>assets</folder>
		<folder>classes</folder>
		<folder>helpers</folder>
		<folder>models</folder>
		<folder>views</folder>
	</files>

	<languages>
		<language tag="en-GB" client="site">languages/site/en-GB.com_eventlist.ini</language>
	</languages>
	
<install>
	<sql>
		<file driver="mysql" charset="utf8">install.mysql.utf8.sql</file>
		<file driver="mysql">install.mysql.nonutf8.sql</file>
	</sql>
</install>

<uninstall>
	<sql>
		<file driver="mysql" charset="utf8">uninstall.mysql.utf8.sql</file>
		<file driver="mysql">uninstall.mysql.nonutf8.sql</file>
	</sql>
</uninstall>

<installfile>install.eventlist.php</installfile>
<uninstallfile>uninstall.eventlist.php</uninstallfile>

<administration>

	<menu view="cpanel" img="../administrator/components/com_eventlist/assets/images/eventlist.png">COM_EVENTLIST</menu>

	<files folder="admin">
		<filename>index.html</filename>
		<filename>admin.eventlist.php</filename>
		<filename>controller.php</filename>
		<filename>config.xml</filename>
		<filename>install.mysql.utf8.sql</filename>
		<filename>install.mysql.nonutf8.sql</filename>
		<filename>uninstall.mysql.utf8.sql</filename>
		<filename>uninstall.mysql.nonutf8.sql</filename>

		<folder>classes</folder>
		<folder>assets</folder>
		<folder>help</folder>
		<folder>views</folder>
		<folder>models</folder>
		<folder>controllers</folder>
		<folder>elements</folder>
		<folder>tables</folder>
	</files>

	<languages>
		<language tag="en-GB">languages/admin/en-GB.com_eventlist.ini</language>
		<language tag="en-GB">languages/admin/en-GB.com_eventlist.sys.ini</language>
	</languages>

</administration>
</extension>