<?xml version="1.0" encoding="utf-8"?>
<!-- $Id -->
<extension type="package" version="1.6">
	<name>EventList Romanian</name>
	<packagename>ro-RO</packagename>
	<creationDate>2011-10-18</creationDate>
	<version>1.0.2 Stable</version>
	<author>Arthur</author>
	<authorEmail>info@fcupoli.com</authorEmail>
	<authorUrl>cauta.net</authorUrl>
	<copyright>(C) 2008 Christoph Lukes, (C) 2011 Arthur</copyright>
	<license>http://www.gnu.org/licenses/gpl-2.0.html GNU/GPL</license>
	<description>Romanian language pack for EventList</description>
	<files>
		<file type="language" client="site" id="ro-RO">site_ro-RO.zip</file>
		<file type="language" client="admin" id="ro-RO">admin_ro-RO.zip</file>
	</files>
</extension>
