<?xml version="1.0" encoding="utf-8"?>
<!-- $Id$ -->
<extension type="package" version="1.6">
	<name>EventList Svenska</name>
	<packagename>sv-SE</packagename>
	<creationDate>2011-10-18</creationDate>
	<version>1.0.2 Stable</version>
	<author>Sune Hultman  Kristian</author>
	<authorEmail>sune.hultman@celona.se webmaster@jokrsolutions.se</authorEmail>
	<authorUrl>http://www.celona.se http://www.jokrsolutions.se</authorUrl>
	<copyright>(C) 2008 Christoph Lukes, (C) 2011 Sune Hultman  Kristian</copyright>
	<license>http://www.gnu.org/licenses/gpl-2.0.html GNU/GPL</license>
	<description>Svenskt språkpaket till EventList</description>
	<files>
		<file type="language" client="site" id="sv-SE">site_sv-SE.zip</file>
		<file type="language" client="admin" id="sv-SE">admin_sv-SE.zip</file>
	</files>
</extension>
