<?xml version="1.0" encoding="utf-8"?>
<!-- $Id$ -->
<extension type="package" version="1.6">
	<name>EventList Galician</name>
	<packagename>gl-ES</packagename>
	<creationDate>2011-10-18</creationDate>
	<version>1.0.2 Stable</version>
	<author>osluvi</author>
	<authorEmail>osluvi@uvigo.es</authorEmail>
	<authorUrl>
	</authorUrl>
	<copyright>(C) 2008 Christoph Lukes, (C) 2011 osluvi</copyright>
	<license>http://www.gnu.org/licenses/gpl-2.0.html GNU/GPL</license>
	<description>Galician language pack for EventList</description>
		<files>
		<file type="language" client="site" id="gl-ES">site_gl-ES.zip</file>
	<file type="language" client="admin" id="gl-ES">admin_gl-ES.zip</file>
	</files>
</extension>
