<?xml version="1.0" encoding="utf-8"?>
	<!-- $Id -->
<extension type="package" version="1.6">
	<name>EventList Turkish</name>
	<packagename>tr-TR</packagename>
	<creationDate>2011-10-18</creationDate>
	<version>1.0.2 Stable</version>
	<author>Gokhan Karademir</author>
	<authorEmail>gokhankarademir@gmail.com</authorEmail>
	<authorUrl>www.example.net</authorUrl>
	<copyright>(C) 2005 - 2008 Christoph Lukes, (C) 2011 Gokhan Karademir</copyright>
	<license>http://www.gnu.org/licenses/gpl-2.0.html GNU/GPL</license>
	<description>Turkish language pack for EventList</description>
	<files>
		<file type="language" client="site" id="tr-TR">site_tr-TR.zip</file>
		<file type="language" client="admin" id="tr-TR">admin_tr-TR.zip</file>
	</files>
</extension>
