<?xml version="1.0" encoding="utf-8"?>
<!-- $Id$ -->
<extension type="package" version="1.6">
	<name>EventList Greek</name>
	<packagename>el-GR</packagename>
	<creationDate>2011-10-18</creationDate>
	<version>1.0.2 Stable</version>
	<author>Sapalidis Kostas</author>
	<authorEmail>libadmin@teikoz.gr</authorEmail>
	<authorUrl>library.teikoz.gr</authorUrl>
	<copyright>(C) 2008 Christoph Lukes, (C) 2011 Sapalidis Kostas</copyright>
	<license>http://www.gnu.org/licenses/gpl-2.0.html GNU/GPL</license>
	<description>Greek language pack for EventList</description>
	<files>
		<file type="language" client="site" id="el-GR">site_el-GR.zip</file>
		<file type="language" client="admin" id="el-GR">admin_el-GR.zip</file>
	</files>
</extension>
