<?xml version="1.0" encoding="utf-8"?>
<!-- $Id$ -->
<extension type="package" version="1.6">
	<name>EventList Norwegian</name>
	<packagename>nb-NO</packagename>
	<creationDate>2011-10-18</creationDate>
	<version>1.0.2 Stable</version>
	<author>Burnbow</author>
	<authorEmail>tbre@broadpark.no</authorEmail>
	<authorUrl>www.example.net</authorUrl>
	<copyright>(C) 2008 Christoph Lukes, (C) 2011 Burnbow</copyright>
	<license>http://www.gnu.org/licenses/gpl-2.0.html GNU/GPL</license>
	<description>Norwegian language pack for EventList</description>
	<files>
		<file type="language" client="site" id="nb-NO">site_nb-NO.zip</file>
		<file type="language" client="admin" id="nb-NO">admin_nb-NO.zip</file>
	</files>
</extension>
