<?xml version="1.0" encoding="utf-8"?>
<!-- $Id$ -->
<extension type="package" version="1.6">
	<name>EventList Hungarian</name>
	<packagename>hu-HU</packagename>
	<creationDate>2011-10-18</creationDate>
	<version>1.0.2 Stable</version>
	<author>Last Gepida</author>
	<authorEmail>example@example.net</authorEmail>
	<authorUrl>www.example.net</authorUrl>
	<copyright>(C) 2008 Christoph Lukes, (C) 2011 Last Gepida</copyright>
	<license>http://www.gnu.org/licenses/gpl-2.0.html GNU/GPL</license>
	<description>Hungarian language pack for EventList</description>
	<files>
		<file type="language" client="site" id="hu-HU">site_hu-HU.zip</file>
		<file type="language" client="admin" id="hu-HU">admin_hu-HU.zip</file>
	</files>
</extension>
