<?xml version="1.0" encoding="utf-8"?>
<!-- $Id$ -->
<extension type="package" version="1.6">
	<name>EventList Italian</name>
	<packagename>it-IT</packagename>
	<creationDate>2011-10-18</creationDate>
	<version>1.0.2 Stable</version>
	<author>Davide Bonomo - Marco Cevoli</author>
	<authorEmail>gabriele@gabrielevivinetto.it - davide.bonomo@digital2b.com - info@marcocevoli.com</authorEmail>
	<authorUrl>www.gabrielevivinetto.it - www.digital2b.com - www.marcocevoli.com</authorUrl>
	<copyright>(C) 2008 Christoph Lukes, (C) 2011 Davide Bonomo - Marco Cevoli</copyright>
	<license>http://www.gnu.org/licenses/gpl-2.0.html GNU/GPL</license>
	<description>Italian language pack for EventList</description>
	<files>
		<file type="language" client="site" id="it-IT">site_it-IT.zip</file>
		<file type="language" client="admin" id="it-IT">admin_it-IT.zip</file>
	</files>
</extension>
