<?xml version="1.0" encoding="utf-8"?>
<!-- $Id$ -->
<extension type="package" version="1.6">
	<name>EventList Traditional Chinese</name>
	<packagename>zh-TW</packagename>
	<creationDate>2011-10-18</creationDate>
	<version>1.0.2 Stable</version>
	<author>METO</author>
	<authorEmail>xtc.sun@gmail.com</authorEmail>
	<authorUrl>http://www.mining2u.com</authorUrl>
	<copyright>(C) 2008 Christoph Lukes, (C) 2011 METO</copyright>
	<license>http://www.gnu.org/licenses/gpl-2.0.html GNU/GPL</license>
	<description>Traditional Chinese language pack for EventList</description>
	<files>
		<file type="language" client="site" id="zh-TW">site_zh-TW.zip</file>
		<file type="language" client="admin" id="zh-TW">admin_zh-TW.zip</file>
	</files>
</extension>
