<?xml version="1.0" encoding="utf-8"?>
	<!-- $Id -->
<extension type="package" version="1.6">
	<name>EventList Hebrew</name>
	<packagename>uk-UA</packagename>
	<creationDate>2011-10-18</creationDate>
	<version>1.0.2 Stable</version>
	<author>Gray</author>
	<authorEmail>justphp@gmail.com</authorEmail>
	<authorUrl>www.justphp.net</authorUrl>
	<copyright>(C) 2008 Christoph Lukes, (C) 2011 Gray</copyright>
	<license>http://www.gnu.org/licenses/gpl-2.0.html GNU/GPL</license>
	<description>Ukrainian language pack for EventList</description>
	<files>
		<file type="language" client="site" id="uk-UA">site_uk-UA.zip</file>
		<file type="language" client="admin" id="uk-UA">admin_uk-UA.zip</file>
	</files>
</extension>
