<?xml version="1.0" encoding="utf-8"?>
<!-- $Id$ -->
<extension type="package" version="1.6">
	<name>EventList Croatian</name>
	<packagename>hr-HR</packagename>
	<creationDate>2011-10-18</creationDate>
	<version>1.0.2 Stable</version>
	<author>Tanja</author>
	<authorEmail>tanja@05vizija.net</authorEmail>
	<authorUrl>http://www.example.net</authorUrl>
	<copyright>(C) 2008 Christoph Lukes, (C) 2011 Tanja</copyright>
	<license>http://www.gnu.org/licenses/gpl-2.0.html GNU/GPL</license>
	<description>Croatian language pack for EventList</description>
	<files>
		<file type="language" client="site" id="hr-HR">site_hr-HR.zip</file>
		<file type="language" client="admin" id="hr-HR">admin_hr-HR.zip</file>
	</files>
</extension>
