<?xml version="1.0" encoding="utf-8"?>
<!-- $Id$ -->
<extension type="package" version="1.6">
	<name>EventList Polish</name>
	<packagename>pl-PL</packagename>
	<creationDate>2011-10-18</creationDate>
	<version>1.0.2 Stable</version>
	<author>izqa</author>
	<authorEmail>iza.krzyzanowska@axl.pl</authorEmail>
	<authorUrl>www.example.net</authorUrl>
	<copyright>(C) 2008 Christoph Lukes, (C) 2011 izqa</copyright>
	<license>http://www.gnu.org/licenses/gpl-2.0.html GNU/GPL</license>
	<description>Polish language pack for EventList</description>
	<files>
		<file type="language" client="site" id="pl-PL">site_pl-PL.zip</file>
		<file type="language" client="admin" id="pl-PL">admin_pl-PL.zip</file>
	</files>
</extension>
